Date;interros;elektroenergetiki;almaznaya_osen;promagrofond;sberbank;hantimansiask;tnk-vladimir;raiffaisen;bolshoi;telekom-souz;stroikompleks;tvoya_opora;evrazia_plus;dobrodetel;nationalnyi;initiativa;socrazvitie;doverie;socium;mosenergo;regionfond;transneft;oboronnopromofond;perviy_promalyans;uralosibirskij;pensionnaykassa;ugkmkperspektiva;mejregionalniy;kitfinance;gazfond;blagosostoyanie;lukoil_garant;surgutneftegaz;soglasie;neftegarant;atomfond
31/12/2015;1.102689095;3.337569454;2.592347074;1.605495254;3.146389319;3.168886428;7.718287016;3.408287698;8.458065712;-1.955313864;5.56358947;5.748616969;0.787434756;3.372988859;2.887753406;3.621552281;3.898002002;1.450413618;3.893464111;2.068817174;3.805315099;2.5014008;2.049395959;4.790209327;3.251104232;1.313994751;4.853020408;3.409488917;1.464386327;2.622637746;1.086160781;2.663643134;1.613102896;1.613102896;3.134933625;7.456848229
30/11/2015;1.287099274;2.253854334;2.078474313;1.366575962;2.256013463;2.667215987;4.633774253;4.746034195;5.026823304;5.566363979;4.220267973;3.535974714;1.036893312;2.500518332;1.988780533;3.850706456;2.526495029;0.759009828;2.582212416;7.451699889;2.12484493;2.129313201;1.54309671;3.012472858;2.331166737;0.823788358;3.081048051;2.790406356;1.508011626;2.063888347;3.440897806;3.131389062;2.728214183;2.728214183;4.274487836;4.521854502
30/10/2015;1.18526365;-4.576505967;-1.614998171;0.627799808;-2.392624042;-2.120426134;-9.490440739;-6.162358306;-10.68596866;-2.313194538;-6.846126162;-6.14374051;2.432066688;-3.143378656;-1.659579894;-4.967178572;-3.328463984;-0.231514203;-3.376089073;-8.696666292;-3.743796585;-1.336599777;-1.150928662;-4.699631061;-2.136382366;0.210332352;-4.658104815;-4.290919976;0.569777614;-1.274610109;-3.214615167;-4.792957708;-1.7690281;-1.7690281;-5.004227904;-8.972587122
30/09/2015;1.440595067;1.315676179;1.262333177;1.2990703;1.152473944;1.537746961;0.835588772;2.639265437;0.798940863;5.168690822;1.467001276;0.953437058;1.494153532;1.329821157;1.132340998;1.9009072;1.032014131;0.949615823;1.06868046;4.790069239;0.957912749;1.373148768;1.216773962;1.030340094;1.245363661;0.998930165;1.063791595;1.434711498;1.425080686;1.311876374;2.751417383;2.060987877;2.04574607;2.04574607;2.383232286;0.88940649
31/08/2015;-0.133945422;-0.613269603;-0.000457169;-0.196747696;-0.129666142;-1.401501708;-1.55861052;-1.885891665;-1.819525731;-2.202154748;-1.602239104;-1.073361387;-0.688285359;-0.46772983;-0.157595008;-1.263255337;-0.332252888;0.584198164;-0.39764316;-3.339801432;-0.376757762;-0.376426944;0.141077333;-0.753715091;-0.794872664;0.631561089;-1.037835907;-0.640671654;-0.180975187;-0.477878283;-0.95249562;-1.001632335;-0.420865886;-0.420865886;-1.278747838;-1.635165204
31/07/2015;0.670638988;-1.205117231;-0.388043573;0.49945205;-0.6531721;-0.92650339;-3.675588649;-3.066240927;-4.185625969;-2.761125926;-2.882245695;-2.287851496;1.06133519;-1.069569202;-0.361621472;-2.166218664;-1.029098861;0.775386849;-1.072003532;-5.324239724;-0.91742105;-0.381604042;0.038897283;-1.671733356;-0.688216206;0.842763336;-1.701097822;-1.396178217;0.397694297;-0.339738197;-1.601321094;-1.790357368;-0.829865091;-0.829865091;-2.499544506;-3.507065163
30/06/2015;0.92064246;2.280621782;1.793894394;1.081370296;1.958520944;1.459366119;3.631500252;2.29991026;3.906975586;0.805168252;2.79418055;2.822511625;0.373381617;2.181390276;1.784023067;2.162186495;2.193936474;1.392433434;2.173955978;2.332871788;2.248217191;1.584676023;1.617641834;2.524123056;1.674795399;1.303997411;2.383812105;2.194389679;1.107685787;1.547266535;1.647890047;2.15743042;1.578890953;1.578890953;2.239581314;3.461599287
29/05/2015;1.114290125;-1.604167101;1.037077948;1.169549365;0.999737781;0.277870113;0.138138732;-2.02555853;-0.082892211;-4.265249654;-0.30930419;0.492679485;1.168249324;0.152047662;1.072527877;-0.997860194;1.002892995;0.193491832;0.94385189;-5.231771834;-0.024208166;0.813038527;0.509486554;0.618745911;0.687957005;0.618458823;0.521298539;-0.840921496;1.060244232;0.859799817;-2.187987458;-2.192145778;-0.124601584;-0.124601584;-0.996059773;0.13705236
30/04/2015;2.886220619;-3.606222239;-0.172623356;2.089148982;-1.240613581;-0.995334512;-9.625707736;-3.895989364;-11.01774528;3.455094857;-6.01490428;-5.794011027;3.968457929;-1.678758397;-0.453082374;-3.870812964;-2.448263587;0.519504129;-2.492525473;-4.18180788;-3.030373769;0.068971354;0.203366527;-3.952333857;-1.169603416;1.106575213;-4.078089415;-3.387013456;2.231096145;0.02487901;-0.418310278;-2.944181073;0.513207364;0.513207364;-2.710324311;-9.038698422
31/03/2015;2.308058529;0.472767599;1.594946359;2.365514306;1.54556563;2.09137653;0.86854549;-0.355006578;0.741045095;-2.160600697;0.904402579;1.375624939;3.040993076;1.420041786;1.86707432;0.180081262;1.587014765;1.257159198;1.562240962;-2.859884737;1.326511837;1.792897016;1.457282362;1.539809777;1.976722898;1.416786275;1.661202016;0.481546885;2.197271653;1.981986217;-0.537245635;-0.167153293;0.769609403;0.769609403;0.034210531;1.029276415
27/02/2015;1.881070307;-1.835670867;0.54068292;1.543333886;0.091599583;-0.154576798;-3.974107537;-2.191104612;-4.683068443;0.238607583;-2.577332909;-2.214149013;2.353867124;-0.598963341;0.401360266;-1.932314799;-0.460494576;0.562610504;-0.492592752;-3.499051434;-1.065164371;0.525662029;0.597616898;-1.359905449;-0.056673401;0.968706241;-1.434912651;-1.566179364;1.542203054;0.51955031;-0.668134273;-1.758556411;0.456391259;0.456391259;-1.323944221;-3.735308867
30/01/2015;-0.47951976;-0.62273875;-0.344765912;-0.25503737;-0.093415271;-0.727876656;0.091357576;-3.022926083;0.074485916;-7.502324647;-0.972046531;-0.023241132;-0.388430651;-0.930547254;-0.131503038;-1.434644614;0.061716365;0.512664218;0.022272831;-7.163887398;0.084522651;-0.509305563;-0.154759275;-0.193504464;-0.222408373;0.464173362;-0.122440408;-0.662750068;-0.544880417;-0.392586807;-3.074985473;-1.978406089;-1.73282173;-1.73282173;-2.56433789;0.009387593
30/12/2014;13.97124035;35.99374995;36.20609537;27.03908871;41.79967315;31.71770505;46.88821655;48.70231183;60.58173589;-1.95160974;25.13805819;30.17776581;14.81416718;22.02002306;19.43197755;21.93698739;38.95948901;11.35007145;63.17361832;36.1516074;30.36273403;19.39802153;22.66212547;29.60245272;23.88949599;24.25996364;23.45098618;20.02463017;30.7925295;41.70841108;18.45219773;44.47615293;24.38095503;67.7662899;65.03465394;0
28/11/2014;0.320995629;1.242827561;1.26068396;0.809666875;1.365512993;0.893764842;1.463945345;1.797618322;1.980357006;0.82248567;7.225069105;1.024186346;0.096657422;1.174781225;2.544161918;0.585019347;1.259828662;0.71876652;2.105569279;1.35117059;1.262096757;0.611600284;0.732758142;1.052746213;0.784747668;1.139861097;0.654447444;0.993337903;0.958916085;1.300887581;0.785938601;2.608569626;1.388072592;2.652649531;2.409280247;0
31/10/2014;0.23831702;2.20778118;1.571924848;1.040038443;1.93090611;1.250665733;2.206202868;2.547753044;3.049335925;-0.008058788;5.933638963;1.557225518;-0.010143355;1.364045126;2.208202296;0.638919581;1.745076594;1.145963446;3.192414958;2.128195775;1.803986363;0.515981531;1.28102329;1.264857016;0.866669771;1.913622205;0.792681657;1.740316733;1.222232685;1.821962695;0.861729422;3.216264304;1.372682476;3.752022469;3.464532932;0
30/09/2014;0.774568177;0.803587916;1.0079207;0.745866742;1.084362619;1.409560103;1.033148763;1.162709432;1.226785577;0.948935272;4.216297811;0.88306232;0.874634952;0.971116872;1.725654041;0.752355158;0.856904638;0.68736142;1.222797724;0.942905799;0.925948087;0.758494246;0.607531423;0.921628858;0.718105235;0.8555047;0.774941874;0.786870193;0.796870837;1.007963245;0.761042465;1.551803226;1.000576786;1.51130987;1.443871644;0
29/08/2014;0.279353108;0.469712844;0.745454989;0.653246552;0.779421131;0.225045894;0.927436983;1.130424197;1.1603899;-0.252581991;-2.08206213;0.622863476;0.232422374;0.176413493;-0.38739408;0.511753587;0.875198485;0.398095565;1.258534165;0.479084668;0.654904521;0.523180539;0.343835975;0.60655388;0.678345389;0.522381987;0.539499205;0.404674773;0.762478526;0.898504605;0.50157253;0.336181156;0.358375056;1.172446419;1.156524748;0
31/07/2014;0.547446981;1.636772541;1.66314508;1.353357612;1.69509685;0.463702218;1.926596754;2.229613388;2.445856331;0.546392603;2.42239949;1.437940985;0.178350366;1.19919893;1.440070894;1.053723078;1.852919956;0.963311821;2.636672068;1.614178094;1.584651192;1.095262109;1.186178869;1.427701761;1.366232325;1.361253785;1.090091464;1.211953569;1.533544222;1.786413951;1.150678508;2.156874679;1.445398464;2.846523441;2.663910384;0
30/06/2014;1.020012519;1.137116418;1.204556837;1.226737594;1.291135356;1.041090708;1.433821611;1.423787153;1.552578682;0.270996886;-2.698137123;1.149529987;1.098359125;0.754133329;-0.128196599;1.134862926;1.364412656;0.951872934;1.601178215;1.085274698;1.116573136;1.068274832;1.074348883;1.119684798;1.190577994;1.039256792;1.165077212;0.966037491;1.276829521;1.370916048;1.037374165;0.657237769;0.836260313;1.411042065;1.446384689;0
30/05/2014;0.643052743;-0.004065556;0.393028231;0.362648963;0.383785035;0.930886088;0.290660802;0.323672873;0.190372334;0.792883999;1.912462388;0.260857521;0.843525362;0.393594884;0.784851547;0.451124136;0.270908047;0.354520322;0.159389996;0.154424647;0.297959848;0.469325275;0.14235292;0.410189939;0.389368899;0.231998966;0.457951064;0.195843458;0.355421572;0.353126518;0.456297757;0.400398196;0.522095884;0.241397603;0.258958526;0
30/04/2014;0.384657399;0.969638242;0.938748815;0.763512573;0.957972368;0.4049164;1.066147125;1.267818863;1.319562789;0.757221267;4.071851411;0.785375685;0.149983746;0.90136975;1.617890049;0.577096755;1.043172469;0.741816752;1.430927545;0.997122005;0.989371984;0.60322209;0.74352896;0.83614517;0.779102254;0.920467058;0.624744818;0.835243818;0.850663364;0.960029574;0.768092526;1.690729034;1.132075713;1.697523518;1.539025519;0
31/03/2014;-0.347047869;0.126008062;0.017022831;-0.409131862;-0.123918667;0.002897234;-0.383520118;0.02357121;-0.236283741;1.977577065;14.89740831;-0.029196513;-0.777762146;1.039970749;4.433230095;-0.401239885;-0.360685504;0.33851389;-0.233325915;0.355955784;0.309568937;-0.189847823;-0.129992074;0.051499055;-0.310223649;0.442322632;-0.404516629;0.487252384;-0.394753596;-0.355565806;0.094361458;2.531942563;1.070792837;0.709495378;0.403232739;0
28/02/2014;-0.438961657;-1.296908638;-1.321393241;-0.789933369;-1.554623409;-1.579352521;-1.651004514;-1.613479279;-2.216188205;-0.400991686;-5.483891424;-0.936208273;-0.535555836;-1.069220807;-1.998294267;-0.662227478;-1.268381336;0.007078108;-2.284045963;-1.408078571;-0.953624456;-0.557469403;-0.681268588;-1.058814025;-0.62267079;-0.596737575;-0.707177708;-0.437684382;-0.921887719;-1.424046561;-0.481750888;-2.395984017;-1.148313081;-2.765625353;-2.588765809;0
31/01/2014;0.788821927;1.629821191;1.814945567;1.47523899;1.875609134;0.933947444;2.07685888;2.33066483;2.582717172;0.642361102;2.247247381;1.527672224;0.568141301;1.267334903;1.449755057;1.228178883;1.947893089;0.94000932;2.748963456;1.660660227;1.626722067;1.249455603;1.202271267;1.567526716;1.468495061;1.33809056;1.261395092;1.170264709;1.653791827;1.951657621;1.236221927;2.167985401;1.514598972;2.950273153;2.798352314;0
30/12/2013;0.676933835;1.035719348;0.565379371;0.627900767;0.738313531;0.87534546;-0.817679797;1.157418997;-0.625384957;0.769930285;-2.891449225;0.958395815;0.594802924;1.002749369;0.827762793;0.973517403;1.009908055;0.372702505;1.174377524;0.976893027;0.844857206;0.46654089;1.331576428;0.639917453;0.773750048;1.058715257;0.769746321;0.147323773;1.101177928;0;0;0;0;0;0;0
29/11/2013;0.457282033;-0.466600474;0.657542313;0.520510871;0.256969098;-0.953303222;3.776202433;-0.294606854;3.412568273;0.151622745;8.309235119;-0.533037272;0.204220836;-0.250543107;0.24221737;-0.154039347;-0.224829282;0.631645475;-0.280480635;-0.285241261;0.086992219;0.87634172;-0.712264059;0.605122868;0.404954515;-0.50995196;0.280530886;1.78415464;-0.276147594;0;0;0;0;0;0;0
31/10/2013;-1.137544407;-2.508316313;-0.66937102;-1.42594101;-0.6812495;-1.685663601;-4.041082475;-1.853206643;-4.266098431;0.653346455;-5.97680976;-0.351367939;-0.246370802;-0.803416598;-1.522880319;-0.852705925;-1.059275166;-0.721610666;-3.437289458;-0.460300573;-0.655313058;-0.642101548;-2.347128764;-0.333314703;-1.000556127;-1.723817029;-0.764111227;-3.634097056;-1.405283517;0;0;0;0;0;0;0
30/09/2013;1.54069035;1.3618863;1.417832989;1.589255834;1.277242286;1.773553002;4.769415841;1.493371156;4.611050676;0.762325439;8.200427059;0.938051537;-0.182507118;0.889705645;1.492581364;0.650783507;0.63528012;0.102157986;1.995593009;0.865350794;1.104865403;1.629012252;1.117877922;1.223808195;1.46654689;0.476412715;1.258630303;3.104426955;1.090975402;0;0;0;0;0;0;0
29/08/2013;-0.593303457;-1.067261484;-0.378377094;-0.801180646;-0.313694251;-1.312755556;-3.675231888;-0.611211248;-3.603994368;0.538425979;-6.661399034;-0.083698196;0.124984594;-0.057086706;-0.613901752;-0.016765097;-0.08657181;-0.30847364;-1.40342235;-0.011999966;-0.161294345;-0.495670868;-0.588672528;-0.096123423;-0.372305461;-0.368567011;-0.276745613;-2.425066268;-0.280937833;0;0;0;0;0;0;0
31/07/2013;0.377427587;-1.085100772;0.708745307;0.242843182;0.448802475;-0.269142057;2.116783511;-0.638112456;1.677666114;0.950334307;5.178695908;0.112434458;-0.327255624;-0.158973508;-0.029095454;-0.334687142;-0.524238267;-0.273880632;-1.254212567;0.084700891;0.255104033;0.965094664;-1.303844802;0.771316208;0.358120877;-1.227872088;0.355811568;0.311563711;-0.478123089;0;0;0;0;0;0;0
28/06/2013;-1.287942585;-1.221804053;-1.103571864;-1.437398577;-0.923992892;-1.989515634;-6.308063591;-0.919825262;-6.05175181;-0.006327904;-11.60484763;-0.432347587;0.808216558;-0.312061332;-1.198415673;-0.032928528;-0.029841055;0.294082561;-1.938608648;-0.330331048;-0.636670752;-1.38650092;-0.652479757;-0.761801801;-1.049299193;0.058351315;-0.838500019;-3.772802185;-0.553562937;0;0;0;0;0;0;0
31/05/2013;-0.702201561;-2.812511489;-0.065320694;-0.888152492;-0.631333134;-2.941321556;0.912756258;-2.2038415;0.353874318;0.386268302;4.642501435;-1.327342028;-0.462676013;-1.229311631;-1.176502726;-1.191023593;-1.426888468;-0.322097342;-3.185340907;-1.16800151;-0.785886026;0.170784368;-2.901634935;0.096967061;-0.603366907;-2.216771447;-0.628930982;-1.018975516;-1.706236077;0;0;0;0;0;0;0
30/04/2013;1.123801439;1.006413682;1.189821048;1.196631123;1.13936108;1.504905655;1.806539889;0.819093861;1.665291632;1.103703341;2.866105748;1.19648087;1.598555664;0.947589693;0.953323595;0.994448316;0.973386159;1.751987013;0.596359065;1.064163004;1.051289376;1.25468881;0.618218153;1.115706441;0.977447588;1.046053785;1.073717897;1.267370905;0.793537528;0;0;0;0;0;0;0
29/03/2013;0.605834534;-0.160642604;0.800198841;0.644324776;0.468930369;-0.177748471;3.135918809;-0.046845358;2.820038645;0.488207022;6.696545977;-0.006340549;0.455331074;0.040954819;0.37761195;0.069964042;-0.001624236;0.792093107;-0.1865823;0.031353323;0.31272936;0.986206151;-0.485205668;0.721402169;0.535978744;-0.197110588;0.464966186;1.49865795;-0.063642603;0;0;0;0;0;0;0
28/02/2013;1.563329895;1.303811598;1.524295685;1.638366776;1.230632721;1.171179765;5.187842609;1.352412338;5.002669452;0.763408752;9.25815345;0.685368237;0.233374174;0.866939039;1.536261816;0.744598786;0.739981679;0.647736554;1.935668311;0.697068552;1.069271058;1.716858257;1.059678114;1.313328929;1.510757969;0.672178501;1.265909166;3.39344692;1.067929091;0;0;0;0;0;0;0
31/01/2013;0.160776291;-0.041393115;0.258411667;-0.088505554;0.476890302;0.050244836;-3.488107661;0.367816889;-3.307178017;1.253159777;-7.531528558;0.906558141;0.303764088;0.826336316;0.228907304;0.725517037;0.669931981;-0.283337334;-0.195928562;0.905538059;0.654429554;0.105457874;0.550712708;0.53846532;0.398950393;0.36807131;0.486828629;-1.860643762;0.675690935;0;0;0;0;0;0;0
28/12/2012;-0.04138855;0.612536571;0.618387254;0.078919496;0.360367104;0.965996292;-3.70449692;0.572818121;-3.261525843;1.450096104;-6.548522845;1.016341863;-6.809182373;1.032892842;0.358426065;-6.951216766;0.586071608;-7.2423381;0.878812983;0.946186881;0.398497624;0.216155397;0.880014876;0.960793653;0.352655643;1.286121309;0.446291463;1.380503931;0.121021875;0;0;0;0;0;0;0
30/11/2012;2.266838312;2.477231438;1.085122028;2.132579163;2.118767365;2.097135043;4.933328908;2.277247237;4.999502665;2.778274282;6.550408653;1.563135582;6.699324757;1.97799066;1.725698563;7.111345674;1.584789758;7.036192044;2.772088814;2.560033694;1.90701813;1.711636335;1.352231755;1.540007291;1.575475508;2.32940314;1.906963313;2.560000082;2.387424095;0;0;0;0;0;0;0
31/10/2012;2.151666889;3.012171464;0.879675138;2.018066735;2.256924028;2.512154554;2.991360354;2.646943801;3.474201693;4.250350261;2.971578778;1.905898086;2.998805755;2.624885724;1.715073545;3.466680542;1.645514446;3.117848422;3.740815904;3.472951726;2.018359717;1.530555672;1.574122492;1.952648514;1.46679499;3.434829839;2.00466438;3.861304278;2.486620442;0;0;0;0;0;0;0
28/09/2012;4.261294857;3.940422145;0.874256906;3.519637166;3.561391455;2.340153683;12.47718607;3.734161844;12.28484944;4.500201863;17.86375877;1.810086583;18.37854676;2.737397373;2.83911104;19.28781157;2.124272538;19.42224985;4.871342331;4.31464267;3.25193774;2.869951754;1.686438877;2.09055038;2.563614221;3.650067695;3.007880384;4.107102897;4.374629683;0;0;0;0;0;0;0
31/08/2012;-1.770879734;-1.473995364;0.323052674;-1.470702533;-1.234478704;-0.409892044;-8.139103638;-1.212403358;-7.852778034;-1.221901071;-12.52419074;0.109288691;-12.96054607;-0.496377366;-0.806836742;-13.55970694;-0.383368307;-13.7266855;-1.681840007;-1.35386776;-0.995635581;-0.855569501;0.123586511;-0.070148167;-0.59648966;-0.797509531;-0.887688593;-1.00715551;-1.80822902;0;0;0;0;0;0;0
31/07/2012;-1.16994137;-1.437379775;0.334137234;-1.243766105;-0.8330916;0.06139573;-5.531663002;-0.73806619;-5.446272997;-1.148430071;-8.511241909;0.485772981;-8.877871234;-0.451147402;-0.533286245;-9.353803598;-0.391883699;-9.359702771;-1.34976086;-1.127484437;-0.656412144;-0.358047888;0.172884833;-0.00051586;-0.277577358;-0.6753772;-0.569926993;-0.904571;-1.335963037;0;0;0;0;0;0;0
29/06/2012;1.787553981;2.878814566;1.141101498;2.231812076;1.879129566;1.832822334;2.489732599;1.980674866;2.789461634;3.035781981;2.623319004;1.198303845;2.591205681;2.117479663;1.435970985;3.074764199;1.904225572;2.746595347;2.722090059;2.627589737;1.632671934;1.150583082;1.493658629;1.50132567;1.273869998;2.324816531;1.728005146;2.742300484;2.081758328;0;0;0;0;0;0;0
31/05/2012;-1.598976939;-2.800452902;-0.5307602;-1.650318041;-1.888665395;-2.675624513;-1.90600685;-2.375279636;-2.502763398;-4.134802602;-1.321379849;-1.739366731;-1.243191363;-2.40039399;-1.184272142;-1.810279017;-1.324756664;-1.340334003;-3.492251979;-3.235967984;-1.540516577;-1.009486463;-1.235047806;-1.563957104;-0.868346004;-3.187609845;-1.62626028;-3.701390463;-2.03378968;0;0;0;0;0;0;0
27/04/2012;3.010776142;2.938543199;0.91929927;2.719984923;2.540122377;1.525527814;8.381709887;2.550809179;8.224709642;2.998545419;11.97710444;1.197248718;12.321795;1.984477261;2.107512666;12.9264489;1.794779222;13.00564732;3.275401526;2.955443083;2.345351929;2.050386796;1.376603405;1.557700689;1.930723344;2.437117951;2.198770632;2.748014882;3.098471206;0;0;0;0;0;0;0
30/03/2012;1.009744028;0.715182315;0.929702165;1.01628155;0.844596664;0.411090213;2.0610417;0.688940378;1.840529096;0.243843293;2.977464842;0.573096443;3.039967866;0.564563187;0.924107831;3.045134952;0.924569177;3.186136666;0.499923982;0.522594008;0.882744499;0.956598318;0.825449189;0.698970792;0.984207807;0.370890449;0.849316677;0.320399173;0.911278146;0;0;0;0;0;0;0
29/02/2012;-1.044519164;-3.420472429;0.766258121;-1.122647706;-1.565783465;-2.144485267;0.173116112;-2.336021778;-1.086391175;-6.152346416;2.347282537;-1.105914203;2.441815324;-2.798685154;-0.605459726;1.666770373;-0.772316473;2.57666651;-4.744184925;-4.322923299;-1.172676763;-0.004237946;-0.709055599;-1.455038041;-0.055147033;-4.443659499;-1.155994715;-5.342990237;-1.882644166;0;0;0;0;0;0;0
31/01/2012;1.057374141;1.345604343;0.940892007;1.132747996;1.117847631;1.264093514;0.954226386;1.188239007;1.078527983;1.512811268;0.766078649;1.067272066;0.755776355;1.244444117;1.009146491;0.844329059;1.075338201;0.740851456;1.380335708;1.35033924;1.054449725;0.949296941;1.017084277;1.075369947;0.953541817;1.34417173;1.085651972;1.429498228;1.14228646;0;0;0;0;0;0;0
30/12/2011;1.142632661;1.077725526;0.848647833;0.372172712;0.918697262;0.893890231;-4.681211457;1.368664833;-8.682706985;1.747006904;-10.33941469;0.806348097;-0.993185276;-2.822166558;-0.137755783;0;0.262564837;0.223994629;1.696202833;-0.042281371;0.453124893;1.224850346;-0.177083536;0.834784706;-0.626502766;0.429431513;0.112861214;1.313613651;0.353468316;0;0;0;0;0;0;0
30/11/2011;4.280309389;5.15730742;1.897083533;5.984692465;5.615006803;5.047371477;-2.39212857;5.846217421;-4.494322317;8.227471025;-5.217196095;1.512368107;0.573932404;-0.74352428;0.270702612;0;2.092362624;0.339951685;13.52081729;1.516722124;4.655965807;4.668328047;1.198877525;3.702514522;-0.162087031;0.04328123;1.949382746;4.895689483;5.511305095;0;0;0;0;0;0;0
31/10/2011;2.163753215;3.388425338;0.467444725;5.131340539;4.050900453;3.817832142;9.622323264;3.510929962;16.40957572;4.594755008;19.74500839;1.277330039;2.661488997;6.801605261;1.712869613;0;2.89637586;1.178671367;9.192261261;2.232918868;4.618425142;2.919811559;1.84819304;3.086061665;2.526199003;0.302726041;2.955215941;2.639767906;5.116651541;0;0;0;0;0;0;0
30/09/2011;-1.563075039;-1.102985261;-1.754082127;-0.475107904;-1.044129852;-1.557974008;4.707162397;-1.416988006;8.96828028;-1.576482704;10.86829265;-1.177126726;0.178971033;2.63586855;-0.326569239;0;-0.268861948;-0.555732209;-1.063142288;-0.378018403;-0.339244828;-1.165601462;-0.448382332;-0.807750705;0.117028544;-2.21613069;-0.411812758;-1.385374979;-0.463273865;0;0;0;0;0;0;0
31/08/2011;0.592394856;0.703908158;0.374479857;1.589630084;0.882650508;0.407438026;2.756358503;0.514437093;4.93030878;0.887495094;5.635891106;-0.200785349;1.796581779;1.991680262;0.563748606;0;0.408913205;0.246474975;2.010459307;0.932634551;0.833059787;0.415848254;1.171009816;0.338702799;0.613449624;-0.514365074;0.462266309;0.50823918;1.260509886;0;0;0;0;0;0;0
29/07/2011;-0.417641892;-0.382452717;0.035210876;0.009924733;-0.342684586;-0.360217011;5.4260295;-0.698814373;9.104538487;-1.351450655;10.63067506;0.375977219;1.661116479;3.574980234;1.135221745;0;0.841243621;0.970993698;-1.982517236;0.977871476;0.264478877;-0.416254344;1.040433928;0.070424634;1.731848657;0.582333961;0.854783985;-0.518176702;0.122477679;0;0;0;0;0;0;0
30/06/2011;0.874417585;0.679364583;0.707086714;-0.785539536;0.32038125;0.487672932;-8.039622744;1.109649098;-14.7389573;1.3730806;-17.4052743;0.872142791;-2.42326745;-5.082505579;-0.578131679;0;-0.237097575;-0.020906871;0.409695105;-0.819067039;-0.262731679;1.096355582;-1.075154318;0.593994383;-1.45250007;0.403153786;-0.431040545;1.100610687;-0.652538778;0;0;0;0;0;0;0
31/05/2011;0.497644413;0.640806374;0.484469669;1.419493848;0.749501322;0.250453938;4.584333008;0.3414263;7.71243432;0.347611252;8.860881756;0.276271536;2.247273365;3.224424683;1.16148013;0;0.990945032;0.907181643;0.865429416;1.387382392;1.013569491;0.410530194;1.567695319;0.581117336;1.441649956;-0.154814706;0.958845174;0.452575807;1.210777513;0;0;0;0;0;0;0
29/04/2011;0.121720831;0.660584091;0.169361114;2.646636044;1.076525939;0.500363831;14.183803;-0.025067437;24.38812654;-0.448936578;28.59558447;0.454256752;4.886697348;9.522562029;2.593557802;0;2.307040448;1.868334192;0.876775208;2.817911144;2.23242167;0.164844206;3.026409924;0.999090684;3.868814732;0.149661579;2.379447038;0.028591275;2.522587116;0;0;0;0;0;0;0
31/03/2011;-0.174821657;-0.529508584;0.421431046;-1.587229833;-0.866736792;-0.620796041;-3.112492319;-0.496225105;-6.215467595;-1.037957617;-7.465281266;0.636455048;-0.908850482;-1.959795276;0.237429644;0;-0.147595795;0.499794686;-3.127831809;-0.305987588;-0.895960469;-0.13421129;-0.357774936;-0.136322193;-0.166042899;0.739427161;-0.207171133;-0.225790917;-1.372604183;0;0;0;0;0;0;0
28/02/2011;0.451109913;0.350911113;0.801508708;0.759310102;0.353619133;0.060086996;3.341411964;0.058606885;5.25845935;-0.205513256;5.864743845;0.52001823;2.072259763;2.46001872;1.289256338;0;0.85762287;1.109591641;-0.620350203;1.321455042;0.544039538;0.242209944;1.545615661;0.419952085;1.441928236;0.480544788;0.86788074;0.294403147;0.621712954;0;0;0;0;0;0;0
31/01/2011;-0.898212814;-0.696233886;-0.210903722;0.685728195;-0.546798638;-1.137911311;12.17976062;-1.511478908;20.93231014;-2.494411776;24.40668707;0.06933377;4.109441592;7.985881429;2.200865287;0;1.522133549;1.672903792;-2.987240457;2.161086979;0.654650073;-0.995488606;2.453232628;-0.065776439;3.339866312;-0.156832486;1.501351728;-1.097199692;0.628892168;0;0;0;0;0;0;0
30/12/2010;-1.613862942;0.221405666;-8.327278436;0.089752558;-1.123151358;-4.271058661;-28.82330633;-1.886052647;-34.30770983;0.106438388;-25.30882714;-0.528263695;-0.359409453;-0.328665942;0.327452373;0;0.426640895;0.378549513;-0.90256887;-3.181650402;-0.037676311;0.038050536;-0.829041448;0.082202237;-1.902942508;-1.168677363;0.274485182;-2.516466948;0.225842236;0;0;0;0;0;0;0
30/11/2010;-0.198361009;0.345141851;-0.324347891;0.453619934;-0.21163117;-12.75466885;19.72525091;-2.835707253;23.33983922;0.328520532;17.35790641;1.03602894;1.108227969;0.846544276;0.305182769;0;0.372702684;0.3637796;0.734607727;2.550858415;0.340860648;0.587292996;1.053905206;0.237572449;1.838439648;1.251018087;0.311151323;-3.738088842;0.224931268;0;0;0;0;0;0;0
29/10/2010;1.289028158;0.447888749;4.220333533;0.441154707;0.571898423;2.06337385;12.91899664;1.449432227;15.21226383;0.326780991;11.42859338;1.085679625;1.141636075;1.000623392;0.763334205;0;0.639312852;0.575898212;0.319559048;1.638680878;0.250852603;0.613816669;0.786553794;0.464833342;1.499957587;1.278839881;0.460694948;2.019726031;0.395733008;0;0;0;0;0;0;0
30/09/2010;0.21896943;0.672823629;-1.189736252;0.655430991;-0.38871748;-0.956683976;-5.027276089;0.337533376;-6.192851673;0.14290611;-4.333587453;0.875767203;0.895680243;0.91201976;0.750850685;0;1.150325537;1.089849751;-0.446118952;-0.494586722;0.135663487;0.525723066;0.26019504;0.464542657;0.58140026;0.582498961;0.765144096;0.652490792;0.437397072;0;0;0;0;0;0;0
31/08/2010;-0.575776847;0.183432114;-2.406448525;0.146604837;-0.80551736;-6.226833034;-0.107262698;-1.521358941;-0.184011485;-0.283990913;-0.018315895;0.391530493;-0.176103712;0.352064911;0.205007175;0;0.343965109;0.429324563;-0.478362303;-0.371100888;-0.082370584;0.11484313;-0.116878888;0.007474623;0.428028637;0.461852767;0.297253297;-1.750757899;0.125996728;0;0;0;0;0;0;0
30/07/2010;-0.175745927;0.220394825;-1.12722806;0.111079303;-0.463105967;-1.007665466;-3.242704962;-0.113781387;-3.852714675;-0.48109212;-2.68753715;0.230417122;-1.207586957;0.20939783;0.17320821;0;0.195698997;0.458363102;-0.528149871;-1.010243197;0.041183296;-0.008133465;-0.444398342;0.075803044;0.315149554;0.607319283;0.434371061;0.123557547;0.32104689;0;0;0;0;0;0;0
30/06/2010;2.253071267;1.005193543;6.759095047;0.865851751;0.844163301;8.239054029;12.71989248;3.807934563;14.93984999;-0.162422843;11.52261797;1.673676044;-0.406640926;1.598649895;1.17644239;0;1.125919108;1.463323504;-0.001183341;0.875552462;0.593333956;0.680462154;0.509155012;0.882408528;2.526206391;2.60438652;1.327751228;5.4378887;1.093724424;0;0;0;0;0;0;0
31/05/2010;-1.948909833;-0.038331674;-7.504040715;-0.17157887;-2.325196388;-15.06705785;-8.275483816;-4.236650716;-9.960308189;-0.424368358;-7.258281231;0.328555923;0.743745779;0.418681812;0.616644847;0;0.580538419;0.411755563;-1.629602701;-1.510688384;-0.737671659;-0.015441522;-0.529774996;-0.303629185;-0.354764055;-0.042031456;0.03743373;-5.01713732;-0.189092813;0;0;0;0;0;0;0
30/04/2010;-2.147905866;-0.13514633;-8.05607433;-0.222538982;-1.725945252;-11.57314382;-14.01494461;-3.806898284;-16.596865;-0.645563385;-12.25900481;-0.473149891;-1.412561788;-0.447776708;-0.292519128;0;-0.127732234;0.063176568;-0.996814824;-2.250026719;-0.30277821;-0.334763621;-0.962852262;-0.381555331;-0.931854504;-0.532651161;0.022173941;-4.776375437;-0.097312041;0;0;0;0;0;0;0
31/03/2010;6.207206071;1.663479644;20.80733144;1.59048095;3.402249062;27.24233113;38.4432468;10.6683997;45.32418536;0.540353855;34.20722177;3.245370971;1.458226938;3.048783006;2.122777845;0;1.931173677;2.150199823;1.19086463;4.339184459;1.181795939;1.534359914;2.055278721;1.773138952;5.101036899;4.602305373;1.937437434;14.43343686;1.675623239;0;0;0;0;0;0;0
26/02/2010;0.312498724;0.855305352;-2.635980792;0.637571104;-0.560989256;7.046047246;-25.79433219;2.305747644;-30.89816722;-0.0097215;-22.48017931;0.566462769;0.131205444;0.811755441;1.243122523;0;1.483927802;1.469366139;-1.385000513;-3.176848754;0.043273893;0.410018773;-0.590566462;0.638266417;-0.631267763;0.155753069;1.079933615;3.394655162;0.752761958;0;0;0;0;0;0;0
29/01/2010;3.511809466;1.361667482;7.666684716;1.196713207;2.644266074;29.88742848;-20.48730468;9.080995052;-24.58717836;1.063131463;-17.77747775;0.76967124;0.365286799;0.974557647;1.519768368;0;1.510110362;1.527376787;0.49361852;-1.507965519;1.143076642;1.03997956;0.354366768;1.534927846;-0.131687113;0.587491446;1.477913659;11.63860792;1.464326301;0;0;0;0;0;0;0
31/12/2009;0.109739924;0.576847198;1.170193138;0.299616167;1.586523158;-0.311646833;2.457109305;3.491122574;-2.505772824;1.32046525;7.197644904;0.953934329;-0.959267206;0.325126531;1.99923994;0;-0.280212185;-0.002382333;-1.808835994;0.144498263;0.575421308;0.51359199;0.777483463;-0.450175738;11.84392948;1.259213402;-1.60168859;0;0;0;0;0;0;0;0;0
30/11/2009;5.794602649;2.398689172;15.70548686;0.790891255;10.24769943;4.386961799;19.31716406;13.47018122;4.762942381;1.51414017;35.52124835;1.108955475;-0.232283228;1.448985123;4.341470581;0;0.131335017;0.481591778;-0.71624681;0.526867062;0.889434032;0.831113567;1.442190435;1.13544963;46.98052696;1.8114589;-0.681521704;0;0;0;0;0;0;0;0;0
30/10/2009;1.754852101;6.42330804;42.01494101;2.103816234;30.01317102;11.0279372;33.61523705;35.18084132;-12.34557015;2.462908356;82.56481517;1.910838241;1.522744601;-3.334679589;10.27738514;0;-0.004977609;1.625812216;1.696417569;0.993992286;2.232674809;1.780306808;-0.834038425;-0.393216884;124.401167;2.640040073;1.460597216;0;0;0;0;0;0;0;0;0
30/09/2009;5.947489943;3.985326959;22.1377923;1.937561693;15.01852159;6.827297198;22.79930815;18.01403082;2.756887146;2.236397115;44.78199086;1.776201855;1.371870373;0.757282111;5.861626273;0;0.779558763;1.641988203;1.376985646;1.384490805;1.910611194;1.684100101;1.396985891;1.851823239;61.40874245;2.629637463;1.171416385;0;0;0;0;0;0;0;0;0
31/08/2009;6.219260924;2.01045322;9.562877931;1.508954637;5.568395712;4.013443699;12.57041696;6.006233693;8.571979324;1.170545022;17.58500168;0.890446305;1.648678588;1.220444206;2.004069405;0;0.662194239;1.413701658;2.149342871;1.099648614;1.236411703;1.162150732;1.229921568;2.54922163;19.11306127;1.749650544;1.742992486;0;0;0;0;0;0;0;0;0
31/07/2009;-2.882707221;3.074535362;8.188057213;2.314052446;7.721870683;3.021383983;0.953320809;8.064970048;-10.12797257;2.279663311;11.87846891;2.285362528;2.442503991;-0.785679856;3.833965088;0;1.831625541;2.243296009;2.571975446;2.011466564;2.447117734;2.190111875;0.53885465;0.403836572;23.87663981;2.014453925;2.593986396;0;0;0;0;0;0;0;0;0
30/06/2009;4.692343522;0.925197722;1.602470739;1.061262534;0.783437492;0.750735046;6.904911013;2.190585918;6.154778868;1.683125011;7.669905531;0.826693484;0.033089407;0.913861359;1.395108434;0;-0.49968093;0.786470733;-0.350236633;0.583249116;0.950175081;0.781978888;1.493654857;1.42909253;6.548959294;2.103022168;-0.757922938;0;0;0;0;0;0;0;0;0
29/05/2009;-3.361627636;2.420397475;3.745469507;1.757482351;4.809526723;1.571037628;-1.824681105;5.624559573;-9.227487713;2.150801008;5.438481501;2.406426089;1.589592249;1.110207657;3.375033575;0;2.49017359;1.79740141;1.100876308;2.054695558;2.100434349;2.005570008;1.488242981;0.111789333;14.56986258;1.49569927;1.552978941;0;0;0;0;0;0;0;0;0
30/04/2009;-1.080489771;4.9156378;18.26503279;3.307952796;14.5758509;6.468690587;9.290309773;15.30431702;-9.897212038;2.955010663;29.14575013;3.018558432;3.742451694;-0.861398793;6.090789048;0;2.552056288;3.18363869;4.291079851;2.752884104;3.374978275;3.003997377;0.700293648;1.354579435;48.15209639;2.891162529;4.221579208;0;0;0;0;0;0;0;0;0
31/03/2009;11.89839726;8.050619903;40.62289187;4.317720476;27.3247937;14.00849827;40.92492495;31.45457647;8.919273291;4.090509566;77.02962909;3.833097431;4.413932994;3.716219888;10.41224876;0;3.725379336;4.156086749;4.89869667;3.880394084;4.157814768;3.817571829;3.762062177;5.022616424;103.4851422;4.586425843;4.654420378;0;0;0;0;0;0;0;0;0
27/02/2009;1.531946129;10.73884572;70.21700116;2.954842951;49.92157504;18.88352747;54.96213741;58.24224957;-19.38748;2.807219637;135.5747024;2.244000878;3.475256447;-3.246493957;15.52820164;0;1.83688088;3.048078608;3.804138725;2.428480152;2.931251459;2.451233096;-0.296965519;-0.576998333;204.3433117;2.034298073;3.344096411;0;0;0;0;0;0;0;0;0
30/01/2009;17.42808253;-0.909488804;-6.040544179;0.622947563;-9.178489238;1.855171797;12.63888499;-11.17430385;38.82332789;-0.517421472;-11.97249029;-0.599589506;1.557987183;7.42556343;-3.98441429;0;1.330725665;0.972897939;2.480828648;1.051340328;-0.218848043;0.222379766;4.051285019;6.701018584;-42.42703868;0.702672133;1.785551564;0;0;0;0;0;0;0;0;0
31/12/2008;1.172562002;0.657883437;0.37537422;-0.164217377;0.471632776;1.171829484;0.428354155;1.160779004;0.561297101;1.7623101;2.20062779;0.019836187;0;0.398034146;1.432845447;0;0.373832336;1.165661273;2.128966092;1.192444536;-0.823530626;1.17907564;1.719134945;0.88963986;1.442077106;1.055753759;0.919356264;0;0.30157963;0;0;0;0;0;0;0
28/11/2008;-0.187887716;-0.318872459;-2.392857223;-9.346743006;-0.490609443;1.084478426;-4.840994817;0.234173202;-3.913990366;-0.411851808;1.09741695;-1.910213138;0;-4.823364298;-0.454132176;0;-0.079283557;-0.594327907;1.497864112;-0.756329607;-0.381956691;-0.830170799;-0.887976441;-2.409366609;-0.651449363;-2.763704833;0.116539615;0;-0.736381919;0;0;0;0;0;0;0
31/10/2008;-3.93873831;-3.838361045;1.46300492;20.27864495;-2.859295153;-1.686209952;11.76876685;-2.395025605;5.936350404;-5.481060518;-3.727098767;-1.619702712;0;7.361232798;-4.882327786;0;-2.737181067;-4.87636654;-3.927684619;-4.310468844;-1.299603015;-3.763669091;-3.11262676;4.220047738;-3.954567712;0.461062623;-2.229643802;0;-1.76357053;0;0;0;0;0;0;0
30/09/2008;-2.664879935;-2.817094074;-0.659339406;2.82037497;-2.188145731;-1.779410698;1.013038794;-2.095055216;-0.464470238;-3.322872079;-2.460206071;-2.563795142;0;0.749215995;-3.20728478;0;-2.420116927;-3.184918268;-2.643481329;-2.945263315;-2.092339021;-2.888823375;-2.061546175;-0.698686094;-2.464056872;-1.862523506;-1.515796744;0;-1.500336788;0;0;0;0;0;0;0
29/08/2008;-0.374944894;-0.321316879;0.632666504;9.321964324;-0.508584885;1.138440124;6.424630306;0.556370826;3.689352797;-0.566258677;0.790940508;0.256562546;0;2.997360422;-0.441879749;0;0.09562268;-0.613788926;0.965902067;-0.466866737;0.158976082;0.000185447;-0.255093822;3.309084761;-0.550587251;1.375689989;-0.156606483;0;-0.473183307;0;0;0;0;0;0;0
31/07/2008;-0.728870332;-0.77718041;0.306032709;4.017286132;-0.811835839;-1.03039028;1.88715503;-0.730510025;1.263439098;-0.382165687;-0.741193093;-0.241483125;0;1.677287412;-0.513280334;0;-0.93295891;-0.513038179;-0.955549328;-0.399413317;-1.210000922;-0.154441868;-0.049250658;0.657084345;-0.31386276;0.631532187;-0.746871732;0;-0.610319822;0;0;0;0;0;0;0
30/06/2008;0.277690733;0.251324684;0.428860073;5.444654269;0.208332849;1.580729276;4.228458779;0.905629535;2.361020556;-0.179685099;1.056095731;0.454492459;0;1.581297693;0.042695669;0;0.669546036;-0.130786769;1.311473415;-0.077139986;0.900247479;0.23393753;-0.122251897;2.360279943;-0.204558925;0.876278428;0.337070214;0;0.037013943;0;0;0;0;0;0;0
30/05/2008;0.518606886;0.567359903;-0.989118422;-10.36608899;0.44719116;-0.111577404;-6.421544528;0.094318329;-3.85750232;0.871288731;0.359243416;-0.508404816;0;-3.69841507;0.636748838;0;0.276516219;0.771906771;0.358725809;0.597519613;-0.025077656;0.327034833;0.419627288;-3.005889402;0.710866177;-1.623922928;0.574403659;0;0.454690495;0;0;0;0;0;0;0
30/04/2008;0.676809076;0.792504797;0.312493309;-0.820452758;0.537928371;0.290012511;-0.445793297;0.507298765;0.155777328;1.062717675;0.609355834;0.766446943;0;-0.03401708;0.941180465;0;0.597804908;0.991504642;0.595952116;0.933462237;0.421480836;1.033888347;0.745395695;0.131841663;0.828343331;0.628787133;0.4181837;0;0.465937216;0;0;0;0;0;0;0
31/03/2008;0.542232119;0.597400358;-0.123884919;-1.212918753;0.436812478;1.358237377;0.033332513;0.925648669;-0.106347206;0.434325111;1.25611044;0.121087886;0;-0.672676096;0.450352226;0;0.788825874;0.396305229;1.472216499;0.347580625;0.77014992;0.401013677;0.247141138;0.404784119;0.324705172;-0.122907894;0.718577255;0;0.358597765;0;0;0;0;0;0;0
29/02/2008;-0.597821133;-0.593583073;4.197885156;30.21632573;-0.449358314;-0.513647471;17.90148566;-0.169198435;11.89459165;-0.76721287;-1.229833978;3.062580443;0;12.08432781;-0.370145667;0;-0.365308788;-0.554060138;-1.591676508;-0.070859906;0.209537917;1.047356465;0.35723153;8.709013039;-0.4730927;6.360901725;-1.28320563;0;-0.349710437;0;0;0;0;0;0;0
31/01/2008;-0.166089199;-0.174404312;-3.010353303;-6.764117757;-0.655563255;0.323186211;-3.713402673;-0.346234831;-2.957053201;-0.28533689;0.190980934;-0.906852673;0;-4.902039999;-0.12778174;0;-0.120828114;-0.312540602;0.711042872;-0.59210668;-0.122030987;-0.132430315;-1.640212564;-2.106699054;-1.119943498;-1.985460325;-1.186219952;0;-1.607240775;0;0;0;0;0;0;0
28/12/2007;-0.020993175;-0.977752915;-0.420439686;-0.739578706;-0.43005205;-0.181354757;-0.080420222;-0.152438642;-10.12089425;-3.430550455;-0.630184473;0;0;-1.558024424;-0.705242695;0;-0.243573123;-0.173537435;-0.342025791;-0.299902071;0;0;-0.079378048;-0.731197611;-0.327731217;0.0054228;-0.927262894;0;0;0;0;0;0;0;0;0
30/11/2007;0.576407142;0.780049387;0.609204497;0.792979125;0.66926052;0.711163466;0.571234576;0.584035634;2.533936133;1.391202449;0.417740543;0;0;1.250625004;0.837974632;0;0.650997221;0.585786565;0.301950479;0.670496237;0;0;0.686442688;0.542964822;0.883293888;-0.006985915;0.81294049;0;0;0;0;0;0;0;0;0
31/10/2007;1.217058328;0.856085698;1.07331878;0.956817095;1.018303678;1.19293791;1.217739762;1.225794982;-3.737681448;-0.36135087;1.115774504;0;0;0.616320702;0.952457832;0;1.244690915;1.190655574;1.29528369;1.18976206;0;0;1.225491364;1.159625603;1.20704945;0.005193295;1.048930091;0;0;0;0;0;0;0;0;0
28/09/2007;0.04074204;1.0370418;0.56712811;0.699855939;0.476821973;0.135902308;0.176641231;0.233174598;10.68983921;3.495808125;0.900338174;0;0;1.302870225;0.649123767;0;0.229589051;0.294119767;0.623450923;0.312072932;0;0;0.111458946;0.828088274;0.139747851;0.011793814;0.835808348;0;0;0;0;0;0;0;0;0
31/08/2007;0.354079411;1.39494929;0.752995765;1.19579557;0.802506499;0.646888252;0.420656401;0.495964304;10.93871622;4.10582649;0.77118536;0;0;2.383822533;1.220630216;0;0.637931284;0.522325897;0.413083028;0.710701279;0;0;0.555064043;0.984429101;0.960812923;-0.024714894;1.422321239;0;0;0;0;0;0;0;0;0
31/07/2007;1.082640671;1.846514185;1.514655415;1.615531015;1.404586684;1.286231489;1.250241821;1.296117293;8.186382774;3.570785778;1.446392091;0;0;2.295920804;1.64085844;0;1.314383713;1.358536029;1.193121168;1.390745299;0;0;1.343563418;1.439749398;1.435599348;-0.004485981;1.651167448;0;0;0;0;0;0;0;0;0
29/06/2007;0.315262804;-0.268858906;0.094074085;-0.126952962;0.048423561;0.243470673;0.308642955;0.275533984;-6.437468792;-1.914776765;0.110708192;0;0;-0.634860795;-0.103306242;0;0.229583411;0.260731229;0.33494854;0.188351375;0;0;0.327967856;0.0760659;0.184513523;-0.003583913;-0.089502468;0;0;0;0;0;0;0;0;0
31/05/2007;1.741167898;2.064370012;1.729207826;2.126238888;1.90018528;1.968948433;1.679554315;1.696850708;5.281579485;3.20438011;1.407616434;0;0;2.978168732;2.206276667;0;1.834774464;1.687201065;1.200609796;1.863950199;0;0;1.881507908;1.672892458;2.28384137;0.015773301;2.184403676;0;0;0;0;0;0;0;0;0
27/04/2007;-0.445037226;-0.445170756;-0.150873268;-0.687675942;-0.49805084;-0.666918927;-0.244217354;-0.225201684;-1.598258886;-1.175631007;0.076220806;0;0;-1.598886679;-0.81252037;0;-0.402304074;-0.185732567;0.206116316;-0.415438308;0;0;-0.513404103;-0.332646272;-1.043719064;0.00677734;-0.931193182;0;0;0;0;0;0;0;0;0
30/03/2007;0.040287129;-0.252478561;0.024801668;-0.269403488;-0.122340703;-0.098274321;0.095217381;0.095729082;-3.800580851;-1.375965623;0.679404523;0;0;-0.911118218;-0.324693433;0;0.022670085;0.088664074;0.952341061;-0.017100871;0;0;-0.026942778;0.573236966;-0.277790736;0.004072677;0.0858316;0;0;0;0;0;0;0;0;0
28/02/2007;-0.115586089;-0.023803451;0.148649915;-0.221054643;-0.112571589;-0.234075612;0.053930657;0.070420315;-0.130278105;-0.33325478;-0.049583671;0;0;-0.754587371;-0.296619326;0;-0.054732147;0.110312843;-0.054650886;-0.050353243;0;0;-0.107347728;-0.368289231;-0.469718775;0.002944659;-0.65053749;0;0;0;0;0;0;0;0;0
31/01/2007;0.542362111;0.131425842;0.360391337;0.273144106;0.348621214;0.57032569;0.53788155;0.519833203;-4.636541745;-1.04418776;1.711333122;0;0;0.097245444;0.32355078;0;0.52715077;0.50439919;2.123792575;0.497656282;0;0;0.634527422;1.903741384;0.638499414;-0.015761194;1.500551591;0;0;0;0;0;0;0;0;0
29/12/2006;0.779366328;0.829220941;0.785584983;0.83235978;0.778279991;0.804456555;0.777945577;0.801574394;0.811849819;0.839541151;0.407728339;0;0;0.87525723;0.818448372;0;0.844821606;0.782305808;0.342074003;0.826521646;0;0;0.778009386;0.432134476;0.854617378;0.006998461;0.568343769;0;0;0;0;0;0;0;0;0
30/11/2006;0.284289417;-0.262584463;0.025483107;-0.08602694;0.044588167;0.259437322;0.243610538;0.208465434;-5.836076554;-1.671278979;0.042514562;0;0;-0.392395259;-0.039420837;0;0.196306411;0.188672007;0.236578877;0.161211525;0;0;0.313537732;0.087260703;0.273848526;-0.00742901;0.029771103;0;0;0;0;0;0;0;0;0
31/10/2006;0.999303098;3.315640325;2.365789352;2.493193885;1.971025095;1.347925534;1.481426879;1.62753033;23.62353645;8.506896129;2.644067595;0;0;3.914434191;2.428123392;0;1.598176219;1.802752574;1.972502155;1.801098599;0;0;1.456827897;2.413648392;1.460213534;-0.008526987;2.565180918;0;0;0;0;0;0;0;0;0
29/09/2006;0.505852671;1.446598742;1.157266547;1.028841859;0.886581582;0.56263519;0.763550562;0.826669487;9.451767604;3.340168984;1.698261647;0;0;1.289618445;0.957874667;0;0.750409529;0.912003316;1.53021163;0.829965819;0;0;0.654135517;1.490204017;0.468254458;0.009910417;1.241840951;0;0;0;0;0;0;0;0;0
31/08/2006;0.451994539;-0.527598471;0.029143038;-0.287470798;0.000262835;0.245723079;0.372280168;0.329263639;-10.29572578;-3.203566865;0.014203367;0;0;-1.274777953;-0.305251164;0;0.27445164;0.272806279;0.378228207;0.178064672;0;0;0.297490726;-0.047740754;0.076423415;0.015633368;-0.36834998;0;0;0;0;0;0;0;0;0
31/07/2006;0.285224239;0.84308323;0.699778884;0.557773272;0.462109331;0.246078225;0.449511049;0.527396811;4.838284226;1.645493833;0.524835779;0;0;0.415656242;0.438255372;0;0.505096621;0.542525723;0.385648217;0.504221202;0;0;0.264767933;0.3282118;0.123680304;0.00181381;0.182101971;0;0;0;0;0;0;0;0;0
30/06/2006;1.15716954;3.307580144;2.272361502;2.671657225;2.113478239;1.605118757;1.498407402;1.60148772;23.26928419;8.666451408;2.439139702;0;0;4.545084628;2.703777701;0;1.637896487;1.764814978;1.725410577;1.85840156;0;0;1.646913437;2.416098178;1.897692839;-0.002265317;2.891961386;0;0;0;0;0;0;0;0;0
31/05/2006;-0.097098568;-1.375823647;-0.654927794;-1.064041335;-0.683913154;-0.381155814;-0.210845431;-0.268207561;-13.9654426;-4.837616796;-1.349000663;0;0;-2.371358659;-1.093647279;0;-0.342062075;-0.343516359;-1.003791122;-0.468636472;0;0;-0.323805632;-1.49933616;-0.61836148;0.007724613;-1.730325194;0;0;0;0;0;0;0;0;0
28/04/2006;0.851183352;1.211256322;0.99186782;1.196454176;1.032004912;1.125068033;0.921287439;0.9192914;4.130566777;2.248381102;2.186605976;0;0;2.029403429;1.32107435;0;0.971107926;0.96872378;2.261917039;1.043981211;0;0;1.187109205;2.462729925;1.416502421;-0.023641791;2.477137491;0;0;0;0;0;0;0;0;0
31/03/2006;0.353332053;0.564161441;0.544670239;0.45537697;0.430138336;0.398702303;0.460945015;0.475936741;1.822418674;0.853558079;0.920125594;0;0;0.51441912;0.456197328;0;0.445057531;0.508533811;0.9452611;0.469766732;0;0;0.471606878;0.879965985;0.397886794;-0.006289458;0.741837372;0;0;0;0;0;0;0;0;0
28/02/2006;-1.318650294;-1.682935157;-1.05592707;-1.930327066;-1.548274227;-1.680691162;-1.054924997;-1.056604184;-6.833695716;-3.645012024;-1.592360436;0;0;-3.499621866;-2.086192978;0;-1.339560832;-1.007034506;-1.445123738;-1.377171913;0;0;-1.419827154;-2.270722936;-2.254362508;-0.009177548;-2.94893785;0;0;0;0;0;0;0;0;0
31/01/2006;-0.037287305;-0.247819186;0.079026567;-0.332496371;-0.119257472;-0.123756391;0.111164195;0.067222813;-2.666475011;-1.053471838;1.224307826;0;0;-0.824590182;-0.317459458;0;-0.106767766;0.13588391;1.526317858;-0.073495632;0;0;0.078413708;1.036012548;-0.327937919;0.005607953;0.425821293;0;0;0;0;0;0;0;0;0